,right-wing,left-wing,nationalist,nativist,radical,moderate,authoritatian,inclusive,exclusive,neoliberal
0,cue,participant,underdog,nineteenth-century,en,unsuccessful,competitive,materially,mutually,interest-led
1,simplicity,anti-imperialist,secular,antidemocrat,pessimistic,consolidation,ontological,conﬂictive,ediabolisation,japanese
2,cognition,non-populist,regional,greed,polyvalent,non-mainstream,one-party,double-edged,wall,neopopulism
3,extreme,riot,discourse-theoretical,supremacist,crossroad,distance,full-blown,pro-redistributive,catch-all,unexpected
4,coverage,civility,post-foundational,ressentiment,helps,suppression,usher,frontline,border,neo-populism
5,antiimmigrant,anarchist,people-as-underdog,materialism,provocative,cocktail,democratization,neofascist,naturalize,deregulation
6,emotion,disrespectful,nationhood,everpresent,disentangle,reader,machination,instinct,nonvoting,reorganization
7,media,center-right,slovak,applicability,nineteenth,code,prospect,egalitarian,organisational,populiste
8,participant,spanish,entangle,uncommon,left-right,page,regime,linkage,spontaneously,fujipopulism
9,communication,probability,foreign,generational,minimal,nonpopulist,autocracy,signifier,disfiguring,p.-a.
10,prominence,director,religious,anti-materialism,morally,psychometric,identity-lock,gap,characterisation,afﬁnitie
11,js-self,multi-level,pre-modern,antebellum,la,nonnegligible,singular,reasonably,symbolize,peruvian
12,re-elaboration,v,cinque,envy,select,equipped,unchecked,sub-modern,colonial,ﬁscally
13,effectiveness,uncivil,ambiguity,euroscepticism,gal-tan,cutoff,classiﬁe,student,expulsion,entrepreneurial
14,fi,nucleus,migration,racial,ence,interval-level,weak,appealing,mammone,unexpectedly
15,anti-politics,industry,islamic,fuzzy,ashe,discard,maverick,pollster,antagonist,spending
16,bias,hit,cooperation,apotheosis,aggregation,n-va,illiberal,third-wave,identifiable,crowd
17,news,bolivarian,outside,minimize,performatively,attitude,handover,after-modern,catchall,anti-bureaucratic
18,cancellation,activist,nodal,remotely,experi,fairly,overthrow,modestly,oppressive,qualiﬁer
19,victimisation,pretreatment,axis,tailor,scrutinize,strategically,non-populist,crisis-related,conventionally,anti-bureaucratism
20,linguistic,15-m,conﬂation,stunning,genderoriente,pauwel,cell,ﬁne-grained,color,conceal
21,susceptible,distinctiveness,populistic,triumph,radicalness,campaigner,unwind,fullness,release,colour
22,disrespectfully,campaigner,proto-populism,demarcate,incarnate,subdimension,semi-competitive,roll,identification,import-substitution
23,brake,reasonably,legitimize,nineteenth,counter-hegemony,weighted,disintegrate,timely,ingroup,de-democratising
24,attitude,attitude,specificity,sponsor,unusually,host-ideology,presidencie,header,d,enmesh
25,religious,trade,hungarian,cum,rentier,alcohol,populists-in-power,structurally,population,leftist-populist
26,immigrant,centre,transnational,adjacent,reconstitute,8-item,bayonet,revitalisation,french,popyurizumu
27,anti-immigrant,austerity,conceptual,anti-catholic,stale,pilsner,oxymoron,colonized,racial,wonder
28,heroisation,left-populist,international,hysteria,agrarian,radicalise,aspire,enclosure,behalf,deﬁcit
29,non-european,methodology,construe,yeoman,letter,par,season,cross-regional,efficacy,irresponsible
30,rwpp,normativity,scandal,boulangism,romanian,second-best,pivot,right-left,thincentred,transformation
31,js-others,post-political,ambivalence,rattle,problem,education-based,vain,energise,unaccountable,social-populist
32,experimental,governmentality,abhor,tribalism,seven,fin,syndicalist,acceptance,thirdly,dialectical
33,televise,inflect,two-dimensionality,relic,oppositional,people-elite,corporatism,application,colonialism,asset
34,behave,plea,citizen-technocrat,reinterpretation,progressivism,capability,specter,inclusiveness,adaptability,name
35,cynicism,anti-mainstream,purify,non-japanese,peasant,gradation,masquerade,racially,reasoning,routinely
36,striking,http://www.protothema.gr/news-in-english/article/319690/samaras-from-brussels-against-extremists-andpopulists/,non-national,laxity,b,continuum,backslide,three-course,undermining,monster
37,wing,pretreatmentpopulistsintherightpanel,global-populism,fertilisation,fringe,vote-maximising,coupmaker,non-democratic,superhero,weasel
38,simple,inquire,false,promiscuous,capable,populist-framed,insecurity,multitude,excerpt,anti-welfare
39,border,revenge,identity-based,muted,post,bitter,unstable,suitable,ostracize,immature
40,seat,polemically,traitor,semi-loyal,radical-democratic,beer,democratize,stay,insulate,reap
41,property,demanding,british,prize-winning,portuguese,drink,personality,eschew,refrain,barometer
42,fascist,inasmuch,consultation,post-civil,hegemonic,6-,management,dignity,extended,fanaticism
43,agent,disrespect,post-modern,haphazardly,side,supervisor,wide-ranging,patronize,postulate,gramscian
44,demand-side,arbitration,intertwining,anomie,inclined,re-assessment,institutionalisation,afﬁrmation,clarity,value-
45,deprive,t-tests,hollow,sloppy,pool,vadim,susceptible,profess,democratize,faire
46,refuse,house-journal,population,hopelessly,anti-tax,employee,vulnerable,universalizing,perspective,relatedly
47,district,unproblematic,sovereign,fundamentalism,cartel,inﬂationary,ruler,clientelist,conceive,reign
48,authoritative,redistributional,english,agrarian,synonym,itispossiblethatbothconceptstructuresyieldthe,mixed,overarch,unavoidable,anti-neoliberal
49,quadrant,3a-b,survey,surround,heading,neutrally,genre,incarnation,totalization,antitechnocratic
50,problem,lately,attitude,passion,phoenix,non-populist,push,wealthy,patrol,dedemocratize
51,motivate,newfound,accuse,bolster,receiving,inﬂuence,predatory,social-populist,entitle,customer
52,referendum,right-wing-oriented,demographic,revisionism,consciously,actor,versatile,antidote,bellicose,paradigm-shaking
53,deliberative,investor,conﬂate,exactly,unfold,exemplary,cross,logistic,disengaged,laissez
54,conscientiousness,victimhood,regionalism,afﬁnity,dictate,distinctly,install,erroneous,ndsv,grey
55,intellectualism,anti-austerity,ethnopopulism,conspiracism,incline,rooted,involution,underprivileged,impatient,supreme
56,disrespectful,motivational,anger,underdeveloped,satisfaction,dichotomous,centralization,combativeness,unsophisticated,pushback
57,religion,wisdom,combine,mountain,communitarian,pro-eu,temporality,socialist,accurately,applause
58,minority,abstain,gastronationalism,dilute,philosophy,restrictive,formalist,official,pre-condition,reappear
59,memory,moderator,post-election,quintessential,variance,wing,hyper-partisanship,cleavage,liberal-democratic-technocratic,imagining
60,court,vindicate,ir,complie,exceptionally,tactical,unconstrained,austerity,sparingly,perpetually
61,own,seat,fruitfully,antiintellectualism,reactionism,voor,ow,partner,information-intensive,remembering
62,asylum,percent,misunderstanding,unauthentic,iberian,stable,non-establishment,orient,quasi-unilateral,avowedly
63,parlance,iberian,deficiency,betrayal,transhistorical,log,skew,essay,satisfactory,postcommunism
64,culpabilisation,marginal,generalizable,pretty,reductionism,cynicism,ecuadorian,stoke,unjustiﬁable,paradigm
65,co-occurrence,op,hindutva,coexist,smooth,reassess,forerunner,manual,popcom,la
66,cypriot,download,ethnicism,logically,crystallization,devoted,succumb,welcome,earth,contributor
67,farage,oligarchy,ethno-populism,thinking,organically,attenuate,postnational,anti-populism,superﬁcial,capital
68,persuasive,chauvinism,cogent,regionalist,-ism,instruct,élite,signify,beneath,appearance
69,recourse,rich,one-dimensional,regional,synergy,board,autocrat,generate,p-value,Ibid
70,anti-political,panel,catch,out-group,inﬂection,cynical,anxiety-based,cover,postdate,catch-all
71,interviewee,rate,indistinguishable,elaboration,by-product,questionable,averse,cite,debatable,trouble
72,générale,p,modernize,racist,wield,antielite,handwringe,majority,tread,heavy
73,cynical,socio-economic,dilution,proposition,forego,transmit,spell,socio-economic,classiﬁer,neo-populist
74,justice,climate,transnationalism,aftermath,reclamation,borderline,preoccupation,populist-like,recommendation,industrialization
75,language,extremist,distinction,religious,anticapitalist,polarized,virulent,mayor,wrongly,usefulness
76,statement,extreme,oﬀer,synthesis,anti-federalist,statement,mineral,execution,fvd,reiterate
77,influence,prevail,central-eastern,advise,gravitational,item,peronism,club,unmodified,particularity
78,climate,plaza-colodro,antipopulist,advanced,recuperation,yes,constituent,post-modern,rightsoriente,class-based
79,autonomy,socialist-populist,geographer,conceptually,single-authored,substantially,hijack,omnipresent,byproduct,hegemony
80,narrative,reclaim,escape,resentment,centerperiphery,survey,exogenous,scrutinise,entrenche,globalisation
81,non-populist,joint,local,thickening,discordance,turnout,populism-in-power,peronist,succinct,austerity
82,organisational,approve,sovereignty,neatly,rentier-populist,opposition,kill,revenue,marshal,private
83,finnish,venezuelan,construct,meaningfully,superpresidentialism,contender,catalyst,purport,defining,tacitly
84,volonté,reconnect,euroscepticism,attest,travesty,unemployment,sword,functioning,universalizable,animus
85,wisdom,nationalization,modern,counteract,left-turn,irrespective,occasionally,alien,obsess,keynesian
86,romanian,plot,nation-state,lens,pérez-liñán,cue,mid-2000s,colonize,lulism,na
87,dispositional,illustration,religion,reemerge,speciﬁcitie,property,conjunctural,grading,distributional,disappointment
88,indian,successor,demos,fence,ratification,centrist,insurgency,pivotal,insistently,characterization
89,scandal,forth,majority,progressivism,rooduijn,curve,erode,governor,anti-incumbent,globalism
90,outlet,dissatisfied,perspective,ride,non-contestation,dummy,inherently,ols,differentiate,personally
91,shock,deliberative,global,square,cross-ethnic,statistical,yes,theorise,reproduce,decry
92,extremist,originate,upsurge,advice,polga-hecimovich,lean,executive,disfranchisement,out-group,chavista
93,insecurity,opt,seat,alien,ches,supply-side,breakdown,tolerant,index,accumulation
94,indicate,recession,sharp,lacuna,soft-eurosceptic,one,legitimise,utmost,narrow,dependency
95,hypothesis,pro-periphery,restore,ephemeral,onset,die,modern,neutralize,network,cold
96,italian,entrance,discursive,ward,efficient,select,demonstrate,worsen,totalitarian,ldd
97,protection,brush,overlap,nothing,vote-seeking,model,problem,0142-y,actor,market-oriented
98,complete,avert,pass,self-sufﬁcient,descriptor,ofﬁce,supporter,regulated,communication,marriage
99,test,bipartisan,review,protean,jointly,interaction,democratically,anti-colonialism.[r]ace,ethnopopulism,formac
